{
  "minecraft:adventure/root": {
    "criteria": {
      "killed_something": "2020-12-11 14:25:40 +0200"
    },
    "done": true
  },
  "minecraft:end/elytra": {
    "criteria": {
      "elytra": "2020-12-11 14:24:56 +0200"
    },
    "done": true
  },
  "minecraft:adventure/adventuring_time": {
    "criteria": {
      "plains": "2020-12-11 14:24:56 +0200"
    },
    "done": false
  },
  "minecraft:recipes/decorations/armor_stand": {
    "criteria": {
      "has_stone_slab": "2020-12-11 14:25:04 +0200"
    },
    "done": true
  }
}