{
  "minecraft:recipes/decorations/anvil": {
    "criteria": {
      "has_iron_block": "2020-12-17 18:00:59 +0200"
    },
    "done": true
  },
  "minecraft:recipes/decorations/chest": {
    "criteria": {
      "has_lots_of_items": "2020-12-17 18:01:55 +0200"
    },
    "done": true
  },
  "minecraft:end/elytra": {
    "criteria": {
      "elytra": "2020-12-17 17:58:47 +0200"
    },
    "done": true
  },
  "minecraft:recipes/misc/iron_ingot_from_block": {
    "criteria": {
      "has_iron_block": "2020-12-17 18:00:59 +0200"
    },
    "done": true
  },
  "minecraft:adventure/adventuring_time": {
    "criteria": {
      "plains": "2020-12-17 17:58:47 +0200"
    },
    "done": false
  }
}