{"stat.chestOpened":3,"stat.useItem.minecraft.bow":16,"stat.useItem.minecraft.splash_potion":49,"stat.walkOneCm":66133,"stat.entityKilledBy.Stray":1,"stat.pickup.minecraft.fireworks":64,"stat.leaveGame":1,"stat.useItem.virtualschool.rotation_wand":4,"stat.damageTaken":2449,"stat.mobKills":6,"stat.aviateOneCm":9817139,"stat.useItem.minecraft.diamond_sword":5,"stat.useItem.minecraft.potion":3,"stat.flyOneCm":556584,"stat.deaths":9,"stat.drop":1,"stat.jump":645,"stat.playOneMinute":72737,"stat.fallOneCm":3733,"stat.useItem.minecraft.cooked_mutton":7,"stat.sneakTime":2047,"stat.damageDealt":234,"stat.crouchOneCm":3880,"stat.timeSinceDeath":13713,"stat.drop.minecraft.glass_bottle":1,"stat.sprintOneCm":75752,"stat.useItem.minecraft.stone_slab2":76,"stat.useItem.minecraft.spawn_egg":25,"stat.useItem.minecraft.fireworks":364,"stat.craftingTableInteraction":3,"stat.killEntity.Stray":5}