{"stat.chestOpened":1,"stat.flyOneCm":116776,"stat.walkOneCm":4585,"stat.drop.virtualschool.destruction_wand":1,"stat.drop":1,"stat.jump":41,"stat.pickup.virtualschool.lamp":1,"stat.playOneMinute":7170,"stat.fallOneCm":1586,"stat.leaveGame":2,"stat.sneakTime":1947,"stat.useItem.virtualschool.rotation_wand":121,"stat.damageTaken":130,"stat.crouchOneCm":4254,"stat.timeSinceDeath":7170,"stat.sprintOneCm":2932,"stat.useItem.minecraft.stone_slab2":16,"stat.useItem.virtualschool.explosion_wand":1,"stat.useItem.virtualschool.destruction_wand":1,"stat.pickup.virtualschool.destruction_wand":1,"stat.useItem.virtualschool.lamp":2}