{"stat.flyOneCm":9672,"stat.deaths":5,"stat.walkOneCm":3614,"stat.jump":83,"stat.playOneMinute":10844,"stat.fallOneCm":20956,"stat.pickup.minecraft.gravel":1,"stat.leaveGame":1,"stat.sneakTime":1543,"stat.damageTaken":1340,"stat.pickup.minecraft.stone":5,"stat.crouchOneCm":1837,"stat.timeSinceDeath":895,"stat.pickup.minecraft.dirt":60,"stat.sprintOneCm":6037,"stat.pickup.minecraft.cobblestone":24,"stat.useItem.minecraft.stone_slab2":1,"stat.useItem.virtualschool.explosion_wand":84,"stat.useItem.virtualschool.destruction_wand":76,"stat.pickup.minecraft.iron_ore":2}