{"stat.walkOneCm":36082,"stat.leaveGame":1,"stat.mobKills":3,"stat.useItem.virtualschool.destruction_wand":10,"stat.aviateOneCm":2615671,"stat.useItem.minecraft.diamond_sword":9,"stat.flyOneCm":72123,"stat.killEntity.ZombieHorse":3,"stat.jump":73,"stat.playOneMinute":16185,"stat.sneakTime":1220,"stat.damageDealt":450,"stat.crouchOneCm":1916,"stat.timeSinceDeath":16185,"stat.sprintOneCm":8123,"stat.useItem.minecraft.spawn_egg":4,"stat.useItem.minecraft.stone_slab2":15,"stat.useItem.minecraft.fireworks":36}