{"stat.flyOneCm":49799,"stat.walkOneCm":21469,"stat.jump":40,"stat.playerKills":1,"stat.playOneMinute":8608,"stat.useItem.virtualschool.metal_chair":1,"stat.leaveGame":2,"stat.sneakTime":683,"stat.damageDealt":451,"stat.crouchOneCm":1635,"stat.timeSinceDeath":8608,"stat.sprintOneCm":3174,"stat.useItem.minecraft.spawn_egg":1,"stat.useItem.minecraft.stone_slab2":12,"stat.aviateOneCm":906223,"stat.useItem.minecraft.diamond_sword":6,"stat.useItem.minecraft.fireworks":4,"stat.useItem.virtualschool.destruction_wand":10}