{"stat.flyOneCm":43135,"stat.deaths":1,"stat.walkOneCm":6038,"stat.jump":49,"stat.swimOneCm":4159,"stat.playerKills":1,"stat.playOneMinute":9987,"stat.useItem.minecraft.flint_and_steel":2,"stat.sneakTime":944,"stat.damageDealt":319,"stat.crouchOneCm":2147,"stat.timeSinceDeath":4974,"stat.useItem.minecraft.lava_bucket":19,"stat.pickup.minecraft.dirt":19,"stat.sprintOneCm":4813,"stat.useItem.minecraft.stone_slab2":76,"stat.useItem.virtualschool.explosion_wand":3,"stat.diveOneCm":216,"stat.useItem.minecraft.water_bucket":16}