{"stat.chestOpened":4,"stat.useItem.minecraft.splash_potion":9,"stat.walkOneCm":24584,"stat.leaveGame":1,"stat.damageTaken":6451,"stat.mobKills":15,"stat.useItem.minecraft.diamond_sword":42,"stat.useItem.minecraft.potion":1,"stat.flyOneCm":162706,"stat.deaths":24,"stat.jump":258,"stat.playOneMinute":14220,"stat.entityKilledBy.Zombie":19,"stat.fallOneCm":422,"stat.sneakTime":1223,"stat.damageDealt":3979,"stat.crouchOneCm":3681,"stat.killEntity.Zombie":15,"stat.timeSinceDeath":661,"stat.sprintOneCm":26461,"stat.useItem.minecraft.stone_slab2":72,"stat.useItem.minecraft.spawn_egg":16}