{"stat.flyOneCm":415,"stat.walkOneCm":2392,"stat.killEntity.ZombieHorse":1,"stat.jump":4,"stat.playOneMinute":1498,"stat.sneakTime":744,"stat.useItem.virtualschool.rotation_wand":5,"stat.damageDealt":150,"stat.crouchOneCm":1458,"stat.timeSinceDeath":1498,"stat.sprintOneCm":235,"stat.mobKills":1,"stat.useItem.minecraft.stone_slab2":21,"stat.useItem.minecraft.spawn_egg":1,"stat.useItem.minecraft.fireworks":44,"stat.useItem.minecraft.diamond_sword":3,"stat.useItem.virtualschool.destruction_wand":1}