{"stat.flyOneCm":67632,"stat.walkOneCm":19624,"stat.jump":57,"stat.playOneMinute":10640,"stat.leaveGame":1,"stat.sneakTime":786,"stat.useItem.virtualschool.rotation_wand":16,"stat.useItem.minecraft.cobblestone":4,"stat.crouchOneCm":2471,"stat.timeSinceDeath":10640,"stat.pickup.minecraft.dirt":8,"stat.useItem.minecraft.dirt":87,"stat.sprintOneCm":1913,"stat.pickup.minecraft.cobblestone":3,"stat.useItem.minecraft.stone_slab2":1,"stat.useItem.minecraft.spawn_egg":2,"stat.useItem.virtualschool.explosion_wand":2,"stat.aviateOneCm":1774198,"stat.useItem.minecraft.fireworks":52}