{"stat.chestOpened":1,"stat.killEntity.Skeleton":7,"stat.walkOneCm":103444,"stat.pickup.minecraft.redstone_torch":7,"stat.pickup.minecraft.repeater":2,"stat.useItem.minecraft.repeater":39,"stat.leaveGame":1,"stat.damageTaken":1100,"stat.pickup.minecraft.redstone_lamp":1,"stat.killEntity.Vex":5,"stat.mobKills":14,"stat.entityKilledBy.Vex":2,"stat.useItem.minecraft.diamond_sword":20,"stat.aviateOneCm":283488,"stat.flyOneCm":64469,"stat.pickup.minecraft.lever":1,"stat.deaths":5,"stat.jump":333,"stat.playOneMinute":33070,"stat.fallOneCm":422,"stat.useItem.minecraft.redstone":51,"stat.sneakTime":1191,"stat.entityKilledBy.Skeleton":2,"stat.damageDealt":1718,"stat.pickup.minecraft.redstone":6,"stat.crouchOneCm":4165,"stat.timeSinceDeath":26830,"stat.sprintOneCm":17252,"stat.useItem.minecraft.spawn_egg":47,"stat.useItem.minecraft.stone_slab2":245,"stat.useItem.minecraft.redstone_ore":3,"stat.useItem.minecraft.fireworks":2}