{"stat.chestOpened":3,"stat.useItem.minecraft.bow":16,"stat.walkOneCm":8451,"stat.damageTaken":375,"stat.entityKilledBy.VindicationIllager":1,"stat.useItem.minecraft.diamond_axe":34,"stat.useItem.minecraft.gravel":7,"stat.mobKills":5,"stat.pickup.minecraft.emerald":1,"stat.useItem.minecraft.diamond_sword":63,"stat.flyOneCm":99404,"stat.deaths":1,"stat.jump":79,"stat.playOneMinute":13125,"stat.fallOneCm":292,"stat.sneakTime":562,"stat.damageDealt":9178,"stat.crouchOneCm":2472,"stat.pickup.minecraft.nether_star":3,"stat.timeSinceDeath":11100,"stat.useItem.minecraft.wooden_axe":19,"stat.killEntity.VindicationIllager":2,"stat.sprintOneCm":8687,"stat.useItem.minecraft.stone_slab2":9,"stat.useItem.minecraft.spawn_egg":1}