{"stat.pickup.minecraft.rotten_flesh":76,"stat.walkOneCm":13845,"stat.leaveGame":1,"stat.pickup.minecraft.diamond_helmet":1,"stat.damageTaken":955,"stat.mobKills":8,"stat.pickup.minecraft.diamond_chestplate":3,"stat.pickup.minecraft.shield":1,"stat.useItem.minecraft.diamond_sword":131,"stat.pickup.minecraft.spawn_egg":1,"stat.pickup.minecraft.diamond_leggings":1,"stat.flyOneCm":39674,"stat.pickup.minecraft.lever":1,"stat.deaths":4,"stat.pickup.minecraft.diamond_sword":4,"stat.jump":42,"stat.playOneMinute":7993,"stat.entityKilledBy.Zombie":3,"stat.sneakTime":411,"stat.damageDealt":3195,"stat.crouchOneCm":1240,"stat.killEntity.Zombie":8,"stat.timeSinceDeath":1868,"stat.sprintOneCm":9543,"stat.useItem.minecraft.stone_slab2":8,"stat.useItem.minecraft.spawn_egg":8}