{"stat.pickup.minecraft.rotten_flesh":71,"stat.useItem.minecraft.bow":80,"stat.useItem.minecraft.splash_potion":32,"stat.walkOneCm":41328,"stat.pickup.minecraft.command_block":1,"stat.pickup.minecraft.diamond_helmet":5,"stat.damageTaken":4165,"stat.mobKills":93,"stat.pickup.minecraft.diamond_chestplate":1,"stat.pickup.minecraft.diamond_boots":3,"stat.pickup.minecraft.shield":4,"stat.useItem.minecraft.diamond_sword":88,"stat.pickup.minecraft.diamond_leggings":2,"stat.pickup.minecraft.spawn_egg":1,"stat.flyOneCm":355948,"stat.pickup.minecraft.diamond_sword":3,"stat.deaths":19,"stat.jump":236,"stat.playOneMinute":32880,"stat.entityKilledBy.Zombie":19,"stat.fallOneCm":422,"stat.pickup.minecraft.iron_ingot":65,"stat.pickup.minecraft.lead":2,"stat.pickup.minecraft.red_flower":11,"stat.sneakTime":1427,"stat.damageDealt":66942,"stat.crouchOneCm":3028,"stat.killEntity.Zombie":16,"stat.timeSinceDeath":1231,"stat.sprintOneCm":33165,"stat.useItem.minecraft.stone_slab2":123,"stat.useItem.minecraft.spawn_egg":29,"stat.pickup.minecraft.bow":1}