{"stat.walkOneCm":12187,"stat.pickup.minecraft.redstone_torch":3,"stat.leaveGame":1,"stat.useItem.virtualschool.rotation_wand":4,"stat.useItem.minecraft.wooden_button":1,"stat.dispenserInspected":1,"stat.pickup.minecraft.cobblestone":1,"stat.pickup.minecraft.wooden_button":2,"stat.pickup.minecraft.stained_glass_pane":1,"stat.useItem.virtualschool.destruction_wand":1,"stat.pickup.minecraft.redstone_block":1,"stat.flyOneCm":155292,"stat.drop":1,"stat.jump":165,"stat.playOneMinute":33280,"stat.useItem.minecraft.redstone_block":5,"stat.drop.minecraft.sticky_piston":1,"stat.sneakTime":5389,"stat.pickup.minecraft.redstone":1,"stat.crouchOneCm":12029,"stat.timeSinceDeath":33280,"stat.pickup.minecraft.sticky_piston":1,"stat.pickup.minecraft.dirt":84,"stat.useItem.minecraft.dirt":299,"stat.sprintOneCm":4435,"stat.useItem.minecraft.stone_slab2":291,"stat.useItem.minecraft.redstone_ore":4,"stat.useItem.virtualschool.explosion_wand":96}