{"stat.useItem.minecraft.bow":8,"stat.walkOneCm":176305,"stat.useItem.minecraft.stone_slab":13,"stat.leaveGame":4,"stat.pickup.minecraft.dark_oak_door":4,"stat.pickup.minecraft.carpet":38,"stat.mobKills":1,"stat.flyOneCm":1537973,"stat.deaths":1,"stat.jump":419,"stat.swimOneCm":3,"stat.playOneMinute":114984,"stat.pickup.minecraft.birch_door":7,"stat.sneakTime":10843,"stat.crouchOneCm":35994,"stat.timeSinceDeath":110763,"stat.sprintOneCm":75808,"stat.useItem.minecraft.stone_slab2":2640,"stat.useItem.minecraft.water_bucket":27}